Start Time,Duration,Run ID,Name,Source Type,Source Name,User,Status,batch_size,device,dropout,epochs,features,lr,nb_params,reg,loss/train,loss/val
2024-12-16 23:25:37,1.2h,08e2697dfbb646c098bf26ec0423780f,Transformer-GAPE-ER,LOCAL,pcqm4mv2-pe/train.py,jlagesse,FINISHED,300,cuda,0,250,65,0.0002,162945,1e-05,0.15043253840795204,0.16218802814974503
2024-12-16 23:25:56,1.3h,fdd0e2f66f7b4ef78eb791dafbaa5129,Transformer-GAPE-AQSOL,LOCAL,pcqm4mv2-pe/train.py,jlagesse,FINISHED,300,cuda,0,250,65,0.0002,162945,1e-05,0.15109144217932402,0.16486013899831212
2024-12-16 22:17:40,1.1h,39c5a6ae9b7a4f9aaff0b4f42f1a051a,Transformer-GAPE-AQSOL,LOCAL,pcqm4mv2-pe/train.py,jlagesse,FINISHED,300,cuda,0,250,65,0.0002,162945,1e-05,0.15262540329748125,0.16730818853658788
2024-12-16 22:33:15,1.3h,73c61f2cd3634437a9b71b32bd69b5b3,Transformer-GAPE-AQSOL,LOCAL,pcqm4mv2-pe/train.py,jlagesse,FINISHED,300,cuda,0,250,65,0.0002,162945,1e-05,0.15365022843453421,0.16745492070913315
2024-12-16 22:11:51,1.1h,68866f96e8e74a27ab7e9e5a6c39785a,Transformer-GAPE-AQSOL,LOCAL,pcqm4mv2-pe/train.py,jlagesse,FINISHED,300,cuda,0,250,65,0.0002,162945,1e-05,0.1547528658785037,0.17015375941991806
2024-12-16 22:34:03,1.3h,8185c95a56ae4a5696b899e77ce94f8e,Transformer-GAPE-AQSOL,LOCAL,pcqm4mv2-pe/train.py,jlagesse,FINISHED,300,cuda,0,250,65,0.0002,162945,1e-05,0.15738007159375433,0.17108589936705196
2024-12-17 00:20:58,1.1h,311c847524e04dc098e30b297a8af1cb,Transformer-GAPE-PCQM4Mv2,LOCAL,pcqm4mv2-pe/train.py,jlagesse,FINISHED,300,cuda,0,250,65,0.0002,162945,1e-05,0.15838963238161002,0.17155233463820288
2024-12-17 01:27:13,1.1h,12f86e87edc44f0caebba1464c30a304,Transformer-GAPE-OGBN-Arxiv,LOCAL,pcqm4mv2-pe/train.py,jlagesse,FINISHED,300,cuda,0,250,65,0.0002,162945,1e-05,0.16109724276101411,0.17348496089963353
2024-12-17 02:19:57,1.3h,3e5da214899f4500b65568a0b7be9308,Transformer-GAPE-OGBN-Arxiv,LOCAL,pcqm4mv2-pe/train.py,jlagesse,FINISHED,300,cuda,0,250,65,0.0002,162945,1e-05,0.16018672242983065,0.17607722475248225
2024-12-16 22:30:04,1.3h,d7d568d9c0414c9fbf81f80783261221,Transformer-GAPE-AQSOL,LOCAL,pcqm4mv2-pe/train.py,jlagesse,FINISHED,300,cuda,0,250,65,0.0002,162945,1e-05,0.1603765914689249,0.17629516694475622
2024-12-16 23:50:29,1.3h,1a6e0189999e42aeb27b02180b0ef23b,Transformer-GAPE-ER,LOCAL,pcqm4mv2-pe/train.py,jlagesse,FINISHED,300,cuda,0,250,65,0.0002,162945,1e-05,0.16455862793459822,0.17749540113350926
2024-12-17 00:25:16,1.1h,744250f3dab74a14b1a5b40da8b86e69,Transformer-GAPE-PCQM4Mv2,LOCAL,pcqm4mv2-pe/train.py,jlagesse,FINISHED,300,cuda,0,250,65,0.0002,162945,1e-05,0.16622218956698231,0.17962845853146384
2024-12-16 23:17:54,1.1h,59fc613d2a7146d29df05f36e9ceaa34,Transformer-GAPE-ER,LOCAL,pcqm4mv2-pe/train.py,jlagesse,FINISHED,300,cuda,0,250,65,0.0002,162945,1e-05,0.16629694402217865,0.18183994205559
2024-12-16 23:11:18,1.2h,893973c0e2024c34a3ae293e4f150441,Transformer-GAPE-ER,LOCAL,pcqm4mv2-pe/train.py,jlagesse,FINISHED,300,cuda,0,250,65,0.0002,162945,1e-05,0.16837953853963025,0.18306389188065247
2024-12-16 23:46:01,1.3h,0e794ab25cf043ff9bc10f51cb0d922c,Transformer-GAPE-ER,LOCAL,pcqm4mv2-pe/train.py,jlagesse,FINISHED,300,cuda,0,250,65,0.0002,162945,1e-05,0.17084645335354023,0.1835671496741912
2024-12-17 01:58:54,1.3h,7884ade2487e418abc68bd11cfe5328a,Transformer-GAPE-PCQM4Mv2,LOCAL,pcqm4mv2-pe/train.py,jlagesse,FINISHED,300,cuda,0,250,65,0.0002,162945,1e-05,0.17104334506525923,0.18405913167140064
2024-12-16 22:02:13,1.1h,4108dbc833694966b7f73d08ec133447,Transformer-GAPE-AQSOL,LOCAL,pcqm4mv2-pe/train.py,jlagesse,FINISHED,300,cuda,0,250,65,0.0002,162945,1e-05,0.17071230020096054,0.18456775870393305
2024-12-17 00:41:41,1.3h,f3796a3dcfc64dd7893f28e60d434b2a,Transformer-GAPE-ER,LOCAL,pcqm4mv2-pe/train.py,jlagesse,FINISHED,300,cuda,0,250,65,0.0002,162945,1e-05,0.17135931262329443,0.18528098437715979
2024-12-16 23:48:54,1.3h,edb802a0c4bb4226b3fea5fa204aa779,Transformer-GAPE-ER,LOCAL,pcqm4mv2-pe/train.py,jlagesse,FINISHED,300,cuda,0,250,65,0.0002,162945,1e-05,0.17007816616278976,0.1863870861775735
2024-12-17 01:05:55,1.3h,dae430ca18a14d95b616c453ed8f66f5,Transformer-GAPE-PCQM4Mv2,LOCAL,pcqm4mv2-pe/train.py,jlagesse,FINISHED,300,cuda,0,250,65,0.0002,162945,1e-05,0.17308446987351375,0.18787223100662231
2024-12-17 00:34:54,1.1h,a4a1db4392ab4a7983c1d40e28882c9d,Transformer-GAPE-PCQM4Mv2,LOCAL,pcqm4mv2-pe/train.py,jlagesse,FINISHED,300,cuda,0,250,65,0.0002,162945,1e-05,0.1729925546183515,0.18814783236559698
2024-12-17 01:03:42,1.3h,940b1f528c064aa2b2a0523b4bd700b8,Transformer-GAPE-PCQM4Mv2,LOCAL,pcqm4mv2-pe/train.py,jlagesse,FINISHED,300,cuda,0,250,65,0.0002,162945,1e-05,0.17284740863451317,0.1914150009260458
2024-12-17 01:08:16,1.3h,f697514e25634104aad88d14000d37f4,Transformer-GAPE-PCQM4Mv2,LOCAL,pcqm4mv2-pe/train.py,jlagesse,FINISHED,300,cuda,0,250,65,0.0002,162945,1e-05,0.17849877899262442,0.19243382399573045
2024-12-17 00:19:22,1.1h,6c204d90856f4075a0a235c7f5b39e3d,Transformer-GAPE-PCQM4Mv2,LOCAL,pcqm4mv2-pe/train.py,jlagesse,FINISHED,300,cuda,0,250,65,0.0002,162945,1e-05,0.1827617465560116,0.1961648280129713
2024-12-17 01:29:35,1.1h,daf4657ad1524deeb71f34dcf8b0a321,Transformer-GAPE-OGBN-Arxiv,LOCAL,pcqm4mv2-pe/train.py,jlagesse,FINISHED,300,cuda,0,250,65,0.0002,162945,1e-05,0.17811535232102693,0.19750876549412222
2024-12-17 01:31:15,1.1h,3064263d5fe8439ea3ed7d452dd6d21c,Transformer-GAPE-OGBN-Arxiv,LOCAL,pcqm4mv2-pe/train.py,jlagesse,FINISHED,300,cuda,0,250,65,0.0002,162945,1e-05,0.18075144691253775,0.19766110400943196
2024-12-16 23:10:12,1.2h,ef7b519e0a7548029118ba7dd934b280,Transformer-GAPE-ER,LOCAL,pcqm4mv2-pe/train.py,jlagesse,FINISHED,300,cuda,0,250,65,0.0002,162945,1e-05,0.1809624653698793,0.19772862643003464
2024-12-16 22:02:36,1.1h,3b62b3dae3ad463aa24c2276358b7421,Transformer-GAPE-AQSOL,LOCAL,pcqm4mv2-pe/train.py,jlagesse,FINISHED,300,cuda,0,250,65,0.0002,162945,1e-05,0.18495162876684274,0.19872989637010238
2024-12-17 01:42:41,1.1h,72de511454f443f195604d031dd6808c,Transformer-GAPE-OGBN-Arxiv,LOCAL,pcqm4mv2-pe/train.py,jlagesse,FINISHED,300,cuda,0,250,65,0.0002,162945,1e-05,0.18257852721570142,0.20192153839504018
2024-12-17 02:24:43,1.3h,0b5e4d9ccc4a4448aa3593ac2c87e479,Transformer-GAPE-OGBN-Arxiv,LOCAL,pcqm4mv2-pe/train.py,jlagesse,FINISHED,300,cuda,0,250,65,0.0002,162945,1e-05,0.19320437200923465,0.21079301264356165
2024-12-17 03:14:37,1.3h,9e1c4b55e90c4a86b0ac7b3086d680ba,Transformer-GAPE-OGBN-Arxiv,LOCAL,pcqm4mv2-pe/train.py,jlagesse,FINISHED,300,cuda,0,250,65,0.0002,162945,1e-05,0.19533774768238638,0.21393241558004827
2024-12-17 02:21:36,1.3h,70b9b9ae4a1246c3aab237a85a52d7d4,Transformer-GAPE-OGBN-Arxiv,LOCAL,pcqm4mv2-pe/train.py,jlagesse,FINISHED,300,cuda,0,250,65,0.0002,162945,1e-05,0.2004199686335094,0.22339803331038532
2024-12-16 20:28:52,3.0h,6e67f79847ff40fe8772db6cae43d969,Transformer-LAPE,LOCAL,pcqm4mv2-pe/train.py,jlagesse,FINISHED,300,cuda,0,250,65,0.0002,162945,1e-05,0.22038591486304554,0.2375568318016389
2024-12-16 19:36:58,2.7h,fe7d1770254b4d48bdc3220b26fd7144,Transformer-LAPE,LOCAL,pcqm4mv2-pe/train.py,jlagesse,FINISHED,300,cuda,0,250,65,0.0002,162945,1e-05,0.2236237930717753,0.2400644772193011
2024-12-16 19:33:23,2.9h,858b753b0aeb4777af0d04ab86d6ee12,Transformer-LAPE,LOCAL,pcqm4mv2-pe/train.py,jlagesse,FINISHED,300,cuda,0,250,65,0.0002,162945,1e-05,0.22574998282674533,0.24302801971926408
2024-12-16 19:36:02,3.0h,3a076992d2ee45aab0b2a562507a1511,Transformer-LAPE,LOCAL,pcqm4mv2-pe/train.py,jlagesse,FINISHED,300,cuda,0,250,65,0.0002,162945,1e-05,0.22848075205710397,0.24562384801752427
2024-12-16 19:29:47,2.5h,c15647cc977748579eea0ad695eb6419,Transformer-LAPE,LOCAL,pcqm4mv2-pe/train.py,jlagesse,FINISHED,300,cuda,0,250,65,0.0002,162945,1e-05,0.23423001036715152,0.2540326311307795
2024-12-16 19:36:09,3.0h,2f0e39dbf1574a26992e8c622028fa19,Transformer-LAPE,LOCAL,pcqm4mv2-pe/train.py,jlagesse,FINISHED,300,cuda,0,250,65,0.0002,162945,1e-05,0.23477389074083585,0.2541664321632946
2024-12-16 19:11:32,25.4min,808672793a894716a3d9ebf50c2a6668,Transformer,LOCAL,pcqm4mv2-pe/train.py,jlagesse,FINISHED,300,cuda,0,250,65,0.0002,161889,1e-05,0.24074918832351913,0.2598487449919476
2024-12-16 19:10:40,25.4min,4362e112bad248409faa664bac7192e3,Transformer,LOCAL,pcqm4mv2-pe/train.py,jlagesse,FINISHED,300,cuda,0,250,65,0.0002,161889,1e-05,0.24261781551055053,0.26196056867347045
2024-12-16 19:07:47,25.6min,46c5cf3bc61149ca878c16422ea416d3,Transformer,LOCAL,pcqm4mv2-pe/train.py,jlagesse,FINISHED,300,cuda,0,250,65,0.0002,161889,1e-05,0.2416485601396703,0.26221154674011116
2024-12-16 19:29:48,2.5h,08973233244d475aaded73eeaee5ccd4,Transformer-LAPE,LOCAL,pcqm4mv2-pe/train.py,jlagesse,FINISHED,300,cuda,0,250,65,0.0002,162945,1e-05,0.24226821247321456,0.2644043463994475
2024-12-16 20:03:16,25.6min,650a3789702e45ba80e2c39f6e4f3d43,Transformer,LOCAL,pcqm4mv2-pe/train.py,jlagesse,FINISHED,300,cuda,0,250,65,0.0002,161889,1e-05,0.24630388150464244,0.26575713779996424
2024-12-16 19:35:47,2.6h,a475622fade74da78c5d21adb03e1e7d,Transformer-LAPE,LOCAL,pcqm4mv2-pe/train.py,jlagesse,FINISHED,300,cuda,0,250,65,0.0002,162945,1e-05,0.24943009241303402,0.26938655271249656
2024-12-16 19:07:12,22.6min,ec3319631ff141eeb0d60f1ecbf7e1f4,Transformer,LOCAL,pcqm4mv2-pe/train.py,jlagesse,FINISHED,300,cuda,0,250,65,0.0002,161889,1e-05,0.24747452362259822,0.269733978983234
2024-12-16 19:10:32,25.2min,b44b7868ac714d3fb9ba5d091dc74d4a,Transformer,LOCAL,pcqm4mv2-pe/train.py,jlagesse,FINISHED,300,cuda,0,250,65,0.0002,161889,1e-05,0.2508836201767423,0.27015813527738347
2024-12-16 18:53:33,13.7min,df0a97d3f1744cc0820c9194948f4a02,GAT,LOCAL,pcqm4mv2-pe/train.py,jlagesse,FINISHED,300,cuda,0,250,65,0.0002,169921,1e-05,0.2547254582394415,0.27053312738152113
2024-12-16 18:52:55,14.9min,02489516e3ba469cac683a7317590aa3,GAT,LOCAL,pcqm4mv2-pe/train.py,jlagesse,FINISHED,300,cuda,0,250,65,0.0002,169921,1e-05,0.2547553203888793,0.2706127355203909
2024-12-16 18:53:33,13.6min,75c90d48bced4fd598c0af6a784b5ee1,GAT,LOCAL,pcqm4mv2-pe/train.py,jlagesse,FINISHED,300,cuda,0,250,65,0.0002,169921,1e-05,0.2536571808715365,0.2714415547602317
2024-12-16 18:51:07,12.9min,56e01ac2b8da48979c8ec5e7592c91d1,GAT,LOCAL,pcqm4mv2-pe/train.py,jlagesse,FINISHED,300,cuda,0,250,65,0.0002,169921,1e-05,0.2557469928887353,0.2727760072140133
2024-12-16 18:55:11,15.5min,2010e557859d4f5e989913cfdc40e736,GAT,LOCAL,pcqm4mv2-pe/train.py,jlagesse,FINISHED,300,cuda,0,250,65,0.0002,169921,1e-05,0.25471405974074973,0.27400652932770114
2024-12-16 19:07:14,22.6min,d63f2eeb81934a39add4e005cc314456,Transformer,LOCAL,pcqm4mv2-pe/train.py,jlagesse,FINISHED,300,cuda,0,250,65,0.0002,161889,1e-05,0.25630857028178317,0.274786559974446
2024-12-16 18:55:16,15.4min,7df7244933184b4cb5ac0b44622f4dab,GAT,LOCAL,pcqm4mv2-pe/train.py,jlagesse,FINISHED,300,cuda,0,250,65,0.0002,169921,1e-05,0.25962233810282465,0.27615127142737894
2024-12-16 18:55:04,15.5min,09c4f0385b0a4a80bf3e587d2d629617,GAT,LOCAL,pcqm4mv2-pe/train.py,jlagesse,FINISHED,300,cuda,0,250,65,0.0002,169921,1e-05,0.25942915566821595,0.2781173867337844
2024-12-16 19:10:39,25.5min,88f29bbf5b1b4ba7ac02c621de5b1a11,Transformer,LOCAL,pcqm4mv2-pe/train.py,jlagesse,FINISHED,300,cuda,0,250,65,0.0002,161889,1e-05,0.2581289813144883,0.2793026106322513
2024-12-16 19:48:38,14.6min,f7dbcd09e29940138fdd5b39b3113872,GAT,LOCAL,pcqm4mv2-pe/train.py,jlagesse,FINISHED,300,cuda,0,250,65,0.0002,169921,1e-05,0.26933877170085907,0.2840287799344343
2024-12-16 18:55:42,15.8min,797c21ab4b6e4b548c3e95e4b8da8d3b,GAT,LOCAL,pcqm4mv2-pe/train.py,jlagesse,FINISHED,300,cuda,0,250,65,0.0002,169921,1e-05,0.27890542238505917,0.2953619860550937
2024-12-16 18:41:43,9.4min,2606f10fc6cb466faed43dd2b848038e,GCN,LOCAL,pcqm4mv2-pe/train.py,jlagesse,FINISHED,300,cuda,0,250,65,0.0002,167921,1e-05,0.3583108106655861,0.38885053291040306
2024-12-16 18:41:44,11.8min,1dd253aba069424ba1c68734a3d37d68,GCN,LOCAL,pcqm4mv2-pe/train.py,jlagesse,FINISHED,300,cuda,0,250,65,0.0002,167921,1e-05,0.35959612744957653,0.39071504158132214
2024-12-16 18:41:43,13.5min,2d494b389b004d1face9c9ff7acee8d3,GCN,LOCAL,pcqm4mv2-pe/train.py,jlagesse,FINISHED,300,cuda,0,250,65,0.0002,167921,1e-05,0.35999669379262783,0.39144155470763936
2024-12-16 18:41:44,14.0min,b19fcb81d63b4e398f8d320409bfedd0,GCN,LOCAL,pcqm4mv2-pe/train.py,jlagesse,FINISHED,300,cuda,0,250,65,0.0002,167921,1e-05,0.3675890422579068,0.40043340272763195
2024-12-16 19:38:16,10.4min,43c47dda51b64ef096f72cc2da7f6ea9,GCN,LOCAL,pcqm4mv2-pe/train.py,jlagesse,FINISHED,300,cuda,0,250,65,0.0002,167921,1e-05,0.3682960965740147,0.40121817150536704
2024-12-16 18:41:43,13.5min,a23c8402760c4935b1a0681c718ed6d6,GCN,LOCAL,pcqm4mv2-pe/train.py,jlagesse,FINISHED,300,cuda,0,250,65,0.0002,167921,1e-05,0.3681649756965353,0.4013303641010733
2024-12-16 18:41:43,11.2min,533d3be537ee494f813b635faf097305,GCN,LOCAL,pcqm4mv2-pe/train.py,jlagesse,FINISHED,300,cuda,0,250,65,0.0002,167921,1e-05,0.3797231547868074,0.4145577795365277
2024-12-16 18:41:49,11.7min,a816edd81b00493ca513b4a626ae55be,GCN,LOCAL,pcqm4mv2-pe/train.py,jlagesse,FINISHED,300,cuda,0,250,65,0.0002,167921,1e-05,0.37995038993323027,0.4167793033754124
2024-12-16 18:41:47,13.3min,9733f91e529f4663a83f7bf9c124a4e4,GCN,LOCAL,pcqm4mv2-pe/train.py,jlagesse,FINISHED,300,cuda,0,250,65,0.0002,167921,1e-05,0.3837819997944049,0.42064952937995687
2024-12-16 19:04:04,,573e9fab702a49c593547145b3dfd512,Transformer,LOCAL,pcqm4mv2-pe/train.py,jlagesse,RUNNING,300,cuda,0,250,65,0.0002,161889,1e-05,0.47232092716800633,0.46893084224532633
